<?xml version="1.0" encoding="Windows-1252"?>
<AddFlow Nodes="0" Links="0">
  <Version>2.2.0.0</Version>
  <DefaultLink>
    <Rigid>False</Rigid>
  </DefaultLink>
  <DefaultNode>
    <Shape Type="RectEdgeRaised" Orientation="so_0" />
    <HighlightChildren>False</HighlightChildren>
  </DefaultNode>
  <Node Index="-1" Left="20" Top="3.33333325" Width="66.6666641" Height="26.666666">
    <FillColor>-1</FillColor>
    <Text>lnk1</Text>
    <Tooltip>lnk1</Tooltip>
    <Url>{A36E95B6-C0D6-476D-9DFF-65BA61DF708F}</Url>
  </Node>
  <Node Index="-1" Left="120" Top="70" Width="66.6666641" Height="26.666666">
    <FillColor>-1</FillColor>
    <Text>lnk2</Text>
    <Tooltip>lnk2</Tooltip>
    <Url>{B03136BB-7097-4840-950E-F14943BEC7AA}</Url>
  </Node>
  <Node Index="-1" Left="20" Top="136.666672" Width="66.6666641" Height="26.666666">
    <FillColor>-1</FillColor>
    <Text>lnk3</Text>
    <Tooltip>lnk3</Tooltip>
    <Url>{01A5BE53-E335-43F0-A1B6-5223C62910F2}</Url>
  </Node>
  <Node Index="-1" Left="120" Top="203.333328" Width="66.6666641" Height="26.666666">
    <FillColor>-1</FillColor>
    <Text>lnk4</Text>
    <Tooltip>lnk4</Tooltip>
    <Url>{F0717EAA-D7D6-435A-9C17-099363DE2C07}</Url>
  </Node>
  <Node Index="-1" Left="20" Top="270" Width="66.6666641" Height="26.666666">
    <FillColor>-1</FillColor>
    <Text>lnk5</Text>
    <Tooltip>lnk5</Tooltip>
    <Url>{9D6FA5E6-8D84-4AFC-AC13-933DF0D9B7F6}</Url>
  </Node>
  <Node Index="-1" Left="120" Top="336.666656" Width="66.6666641" Height="26.666666">
    <FillColor>-1</FillColor>
    <Text>lnk6</Text>
    <Tooltip>lnk6</Tooltip>
    <Url>{8C1D7D91-9ECC-41FF-A5AF-DAA92B32B6E6}</Url>
  </Node>
  <Node Index="-1" Left="20" Top="403.333344" Width="66.6666641" Height="26.666666">
    <FillColor>-1</FillColor>
    <Text>lnk7</Text>
    <Tooltip>lnk7</Tooltip>
    <Url>{B63ECFE7-412B-403F-9893-312AA85B4520}</Url>
  </Node>
  <Node Index="-1" Left="120" Top="470" Width="66.6666641" Height="26.666666">
    <FillColor>-1</FillColor>
    <Text>lnk8</Text>
    <Tooltip>lnk8</Tooltip>
    <Url>{2CC2A080-C387-4654-A756-84ECCE64050C}</Url>
  </Node>
</AddFlow>