<?xml version="1.0" encoding="Windows-1252"?>
<AddFlow Nodes="0" Links="0">
  <Version>2.2.0.0</Version>
  <DefaultLink>
    <Rigid>False</Rigid>
  </DefaultLink>
  <DefaultNode>
    <Shape Type="RectEdgeRaised" Orientation="so_0" />
    <HighlightChildren>False</HighlightChildren>
  </DefaultNode>
  <Node Index="-1" Left="20" Top="3.33333325" Width="66.6666641" Height="26.666666">
    <FillColor>-1</FillColor>
    <Text>lnk1</Text>
    <Tooltip>lnk1</Tooltip>
    <Url>{F681CF9F-E62B-461A-BA5E-95FB148CB397}</Url>
  </Node>
  <Node Index="-1" Left="120" Top="70" Width="66.6666641" Height="26.666666">
    <FillColor>-1</FillColor>
    <Text>lnk2</Text>
    <Tooltip>lnk2</Tooltip>
    <Url>{A0F6BD53-1888-4652-8997-B6230CA70AD1}</Url>
  </Node>
  <Node Index="-1" Left="20" Top="136.666672" Width="66.6666641" Height="26.666666">
    <FillColor>-1</FillColor>
    <Text>lnk3</Text>
    <Tooltip>lnk3</Tooltip>
    <Url>{AB1F0DFB-446F-476B-B195-A5D67EC92415}</Url>
  </Node>
  <Node Index="-1" Left="120" Top="203.333328" Width="66.6666641" Height="26.666666">
    <FillColor>-1</FillColor>
    <Text>lnk4</Text>
    <Tooltip>lnk4</Tooltip>
    <Url>{2ED890A1-64F5-41AE-8219-4C37790CD898}</Url>
  </Node>
  <Node Index="-1" Left="20" Top="270" Width="66.6666641" Height="26.666666">
    <FillColor>-1</FillColor>
    <Text>lnk5</Text>
    <Tooltip>lnk5</Tooltip>
    <Url>{CB42B9F6-B687-4735-95C2-15EF983FED08}</Url>
  </Node>
  <Node Index="-1" Left="120" Top="336.666656" Width="66.6666641" Height="26.666666">
    <FillColor>-1</FillColor>
    <Text>lnk6</Text>
    <Tooltip>lnk6</Tooltip>
    <Url>{4E720A52-826B-4B4B-9D70-4C2C1B940693}</Url>
  </Node>
  <Node Index="-1" Left="20" Top="403.333344" Width="66.6666641" Height="26.666666">
    <FillColor>-1</FillColor>
    <Text>lnk7</Text>
    <Tooltip>lnk7</Tooltip>
    <Url>{18D454D7-E35D-443B-B351-B66C24D30BD5}</Url>
  </Node>
  <Node Index="-1" Left="120" Top="470" Width="66.6666641" Height="26.666666">
    <FillColor>-1</FillColor>
    <Text>lnk8</Text>
    <Tooltip>lnk8</Tooltip>
    <Url>{83D2C4CC-ABED-4610-A7D3-9D4A4B1AB7DC}</Url>
  </Node>
</AddFlow>