<?xml version="1.0" encoding="Windows-1252"?>
<AddFlow Nodes="0" Links="0">
  <Version>2.2.0.0</Version>
  <DefaultLink>
    <Rigid>False</Rigid>
  </DefaultLink>
  <DefaultNode>
    <Shape Type="RectEdgeRaised" Orientation="so_0" />
    <HighlightChildren>False</HighlightChildren>
  </DefaultNode>
  <Node Index="-1" Left="20" Top="3.33333325" Width="66.6666641" Height="26.666666">
    <FillColor>-1</FillColor>
    <Text>lnk1</Text>
    <Tooltip>lnk1</Tooltip>
    <Url>{FB6C901B-2A44-4E98-AC38-A8F53D1E6A5C}</Url>
  </Node>
  <Node Index="-1" Left="120" Top="70" Width="66.6666641" Height="26.666666">
    <FillColor>-1</FillColor>
    <Text>lnk2</Text>
    <Tooltip>lnk2</Tooltip>
    <Url>{0353BBEC-E8E9-435A-ACFD-13831DF2A822}</Url>
  </Node>
  <Node Index="-1" Left="20" Top="136.666672" Width="66.6666641" Height="26.666666">
    <FillColor>-1</FillColor>
    <Text>lnk3</Text>
    <Tooltip>lnk3</Tooltip>
    <Url>{76A84C8D-ED2D-430E-BEF9-EB8D0044291D}</Url>
  </Node>
  <Node Index="-1" Left="120" Top="203.333328" Width="66.6666641" Height="26.666666">
    <FillColor>-1</FillColor>
    <Text>lnk4</Text>
    <Tooltip>lnk4</Tooltip>
    <Url>{1879662C-99F8-4C31-9A13-C295F1FEB00F}</Url>
  </Node>
  <Node Index="-1" Left="20" Top="270" Width="66.6666641" Height="26.666666">
    <FillColor>-1</FillColor>
    <Text>lnk5</Text>
    <Tooltip>lnk5</Tooltip>
    <Url>{8F72FBF2-9B28-4E96-864C-7A63FD90D290}</Url>
  </Node>
  <Node Index="-1" Left="120" Top="336.666656" Width="66.6666641" Height="26.666666">
    <FillColor>-1</FillColor>
    <Text>lnk6</Text>
    <Tooltip>lnk6</Tooltip>
    <Url>{1A247025-A087-444A-B257-C89F98E58596}</Url>
  </Node>
  <Node Index="-1" Left="20" Top="403.333344" Width="66.6666641" Height="26.666666">
    <FillColor>-1</FillColor>
    <Text>lnk7</Text>
    <Tooltip>lnk7</Tooltip>
    <Url>{0A87429B-3037-4FC0-B455-6168087867D8}</Url>
  </Node>
  <Node Index="-1" Left="120" Top="470" Width="66.6666641" Height="26.666666">
    <FillColor>-1</FillColor>
    <Text>lnk8</Text>
    <Tooltip>lnk8</Tooltip>
    <Url>{5D36C94E-C564-4362-8F5A-30C260708B24}</Url>
  </Node>
</AddFlow>