<?xml version="1.0" encoding="UTF-8"?><emp:TuneDocument xmlns:emp="http://www.tecnomatix.com/empower/schema"><Header><ProcessModelsPrototypes><ProcessModelPrototype ProjectId="PP-KS_01-27-6-2014-13-57-26-0-133540"><ProcessModelID><ExternalID>PP-KS_01-7-5-2015-13-23-42-133540-284873</ExternalID></ProcessModelID><ProcessModelType><Type>Robot</Type><Family>ToolPrototype</Family></ProcessModelType><ProcessModelData><Weight>0.000</Weight></ProcessModelData></ProcessModelPrototype></ProcessModelsPrototypes></Header></emp:TuneDocument>