<?xml version="1.0" encoding="Windows-1252"?>
<AddFlow Nodes="0" Links="0">
  <Version>2.2.0.0</Version>
  <DefaultLink>
    <Rigid>False</Rigid>
  </DefaultLink>
  <DefaultNode>
    <Shape Type="RectEdgeRaised" Orientation="so_0" />
    <HighlightChildren>False</HighlightChildren>
  </DefaultNode>
  <Node Index="-1" Left="20" Top="3.33333325" Width="66.6666641" Height="26.666666">
    <FillColor>-1</FillColor>
    <Text>lnk1</Text>
    <Tooltip>lnk1</Tooltip>
    <Url>{81D77FB9-4100-4118-B4EE-036BCE118E3A}</Url>
  </Node>
  <Node Index="-1" Left="120" Top="70" Width="66.6666641" Height="26.666666">
    <FillColor>-1</FillColor>
    <Text>lnk2</Text>
    <Tooltip>lnk2</Tooltip>
    <Url>{8293DB34-8493-48A5-A492-E331F7B3BF22}</Url>
  </Node>
  <Node Index="-1" Left="20" Top="136.666672" Width="66.6666641" Height="26.666666">
    <FillColor>-1</FillColor>
    <Text>lnk3</Text>
    <Tooltip>lnk3</Tooltip>
    <Url>{9F4C3CDE-B5D2-4994-B34E-B4E6E47EBFB9}</Url>
  </Node>
  <Node Index="-1" Left="120" Top="203.333328" Width="66.6666641" Height="26.666666">
    <FillColor>-1</FillColor>
    <Text>lnk4</Text>
    <Tooltip>lnk4</Tooltip>
    <Url>{B9C120AB-4B73-48A7-9DFC-62FF8F9FE6EA}</Url>
  </Node>
  <Node Index="-1" Left="20" Top="270" Width="66.6666641" Height="26.666666">
    <FillColor>-1</FillColor>
    <Text>lnk5</Text>
    <Tooltip>lnk5</Tooltip>
    <Url>{B3ACBEFD-A8DF-48E0-943A-07467193DCDB}</Url>
  </Node>
  <Node Index="-1" Left="120" Top="336.666656" Width="66.6666641" Height="26.666666">
    <FillColor>-1</FillColor>
    <Text>lnk6</Text>
    <Tooltip>lnk6</Tooltip>
    <Url>{1961064F-A249-422D-BA5D-D1459DED8E32}</Url>
  </Node>
  <Node Index="-1" Left="20" Top="403.333344" Width="66.6666641" Height="26.666666">
    <FillColor>-1</FillColor>
    <Text>lnk7</Text>
    <Tooltip>lnk7</Tooltip>
    <Url>{849FD01E-DD8C-4880-BC51-7B6CA5A9062F}</Url>
  </Node>
  <Node Index="-1" Left="120" Top="470" Width="66.6666641" Height="26.666666">
    <FillColor>-1</FillColor>
    <Text>lnk8</Text>
    <Tooltip>lnk8</Tooltip>
    <Url>{4521B3BC-DC1A-4449-A217-7B6DAE9DCDAB}</Url>
  </Node>
</AddFlow>